-- Inserções em ABRIGO
INSERT INTO abrigo (id_abrigo, nome, capacidade, endereco) VALUES (1, 'Carvalho Marques - ME', 58, 'Rodovia Costela, 96, Vila Nova Paraíso, 32491-404 Cunha do Amparo / MA');
INSERT INTO abrigo (id_abrigo, nome, capacidade, endereco) VALUES (2, 'Dias', 73, 'Recanto Danilo Duarte, 953, Petropolis, 87467123 Sampaio de Minas / RO');
INSERT INTO abrigo (id_abrigo, nome, capacidade, endereco) VALUES (3, 'Campos', 71, 'Via de Lima, 907, Milionario, 80754322 Brito / AC');
INSERT INTO abrigo (id_abrigo, nome, capacidade, endereco) VALUES (4, 'Pimenta Ltda.', 21, 'Vale de Alves, 58, Dom Joaquim, 36916-304 Melo de Goiás / RR');
INSERT INTO abrigo (id_abrigo, nome, capacidade, endereco) VALUES (5, 'Cirino - ME', 29, 'Conjunto Ferreira, 96, Esperança, 95345085 Nunes Grande / RS');

-- Inserções em VOLUNTARIO
INSERT INTO voluntario (id_voluntario, nome, email, telefone) VALUES (1, 'Liz Costela', 'arthur-gabriel73@example.org', '81 3185 6054');
INSERT INTO voluntario (id_voluntario, nome, email, telefone) VALUES (2, 'Sr. Murilo Azevedo', 'antonella88@example.net', '(011) 8030-2600');
INSERT INTO voluntario (id_voluntario, nome, email, telefone) VALUES (3, 'Catarina Almeida', 'vsilveira@example.org', '+55 (011) 6197 2712');
INSERT INTO voluntario (id_voluntario, nome, email, telefone) VALUES (4, 'Sr. Carlos Eduardo das Neves', 'joanada-mota@example.org', '0500-853-2033');
INSERT INTO voluntario (id_voluntario, nome, email, telefone) VALUES (5, 'Maya Novaes', 'nascimentojoao-vitor@example.org', '51 3704 4421');
INSERT INTO voluntario (id_voluntario, nome, email, telefone) VALUES (6, 'Erick da Cruz', 'costalucas@example.com', '+55 71 3435 7775');
INSERT INTO voluntario (id_voluntario, nome, email, telefone) VALUES (7, 'Sr. Augusto Caldeira', 'vinicius24@example.net', '(041) 4903 8375');
INSERT INTO voluntario (id_voluntario, nome, email, telefone) VALUES (8, 'Rafael Novaes', 'fsilveira@example.net', '(011) 2427 8303');
INSERT INTO voluntario (id_voluntario, nome, email, telefone) VALUES (9, 'Dra. Marcela Rios', 'luigibarbosa@example.net', '(011) 7272 5824');
INSERT INTO voluntario (id_voluntario, nome, email, telefone) VALUES (10, 'Stella Monteiro', 'evelyn00@example.net', '(061) 7097-5635');
INSERT INTO voluntario (id_voluntario, nome, email, telefone) VALUES (11, 'Pedro Miguel Siqueira', 'ssampaio@example.org', '+55 (081) 1734 6966');
INSERT INTO voluntario (id_voluntario, nome, email, telefone) VALUES (12, 'Maria Júlia Pires', 'martinsana-vitoria@example.org', '+55 (031) 2816-6589');
INSERT INTO voluntario (id_voluntario, nome, email, telefone) VALUES (13, 'Rael Duarte', 'emanuella71@example.org', '+55 81 3735 8429');
INSERT INTO voluntario (id_voluntario, nome, email, telefone) VALUES (14, 'Luiz Fernando Costela', 'ferreiramaya@example.org', '(051) 3243 8583');
INSERT INTO voluntario (id_voluntario, nome, email, telefone) VALUES (15, 'Sra. Bianca Cardoso', 'viniciusaparecida@example.net', '+55 61 2886-9151');
INSERT INTO voluntario (id_voluntario, nome, email, telefone) VALUES (16, 'Juliana Freitas', 'fonsecaleticia@example.net', '(084) 2968 6993');
INSERT INTO voluntario (id_voluntario, nome, email, telefone) VALUES (17, 'Juliana Caldeira', 'pedro-henriquemartins@example.com', '84 8620-9095');
INSERT INTO voluntario (id_voluntario, nome, email, telefone) VALUES (18, 'Samuel Peixoto', 'claricealbuquerque@example.net', '(011) 4363 2963');
INSERT INTO voluntario (id_voluntario, nome, email, telefone) VALUES (19, 'Marcela Caldeira', 'bryanpereira@example.net', '+55 (081) 8190-1971');
INSERT INTO voluntario (id_voluntario, nome, email, telefone) VALUES (20, 'Lorenzo Rocha', 'srocha@example.net', '+55 84 2322 2420');

-- Inserções em VETERINARIO
INSERT INTO veterinario (id_veterinario, nome, telefone, especialidade) VALUES (1, 'Dr. Benício Barbosa', '(031) 1626 4167', 'Dermatologia');
INSERT INTO veterinario (id_veterinario, nome, telefone, especialidade) VALUES (2, 'Yago Mendonça', '0900-641-6216', 'Cirurgia');
INSERT INTO veterinario (id_veterinario, nome, telefone, especialidade) VALUES (3, 'João Lucas Pastor', '+55 (061) 8629 2222', 'Emergência');
INSERT INTO veterinario (id_veterinario, nome, telefone, especialidade) VALUES (4, 'Larissa Gomes', '+55 (021) 2184-8971', 'Cardiologia');
INSERT INTO veterinario (id_veterinario, nome, telefone, especialidade) VALUES (5, 'Isabelly Monteiro', '+55 81 9034-6710', 'Emergência');
INSERT INTO veterinario (id_veterinario, nome, telefone, especialidade) VALUES (6, 'Srta. Alana Costela', '+55 51 6233 0349', 'Emergência');
INSERT INTO veterinario (id_veterinario, nome, telefone, especialidade) VALUES (7, 'Isabel Fonseca', '0300 580 3364', 'Oftalmologia');
INSERT INTO veterinario (id_veterinario, nome, telefone, especialidade) VALUES (8, 'Mathias Andrade', '84 6908-4918', 'Cirurgia');
INSERT INTO veterinario (id_veterinario, nome, telefone, especialidade) VALUES (9, 'Marcela Câmara', '(041) 3439-7019', 'Cirurgia');
INSERT INTO veterinario (id_veterinario, nome, telefone, especialidade) VALUES (10, 'Dr. Pedro Miguel Santos', '+55 (051) 8290 0974', 'Dermatologia');

-- Inserções em DOADOR
INSERT INTO doador (id_doador, nome, email, telefone) VALUES (1, 'Henry Gabriel Siqueira', 'ottovieira@example.net', '(021) 4282 1006');
INSERT INTO doador (id_doador, nome, email, telefone) VALUES (2, 'Calebe da Cunha', 'joaquim11@example.net', '+55 (081) 2671-8785');
INSERT INTO doador (id_doador, nome, email, telefone) VALUES (3, 'Lunna Cavalcanti', 'oleao@example.com', '81 8024 2371');
INSERT INTO doador (id_doador, nome, email, telefone) VALUES (4, 'Gustavo Henrique Aragão', 'fjesus@example.org', '51 5864 8104');
INSERT INTO doador (id_doador, nome, email, telefone) VALUES (5, 'Zoe Montenegro', 'beatrizcostela@example.org', '+55 71 0836-7237');
INSERT INTO doador (id_doador, nome, email, telefone) VALUES (6, 'Melissa Costela', 'evelyn75@example.com', '51 2214 4497');
INSERT INTO doador (id_doador, nome, email, telefone) VALUES (7, 'Dr. Fernando Pacheco', 'pachecoravy@example.net', '+55 41 8671-2124');
INSERT INTO doador (id_doador, nome, email, telefone) VALUES (8, 'Esther Câmara', 'saraferreira@example.org', '(071) 9755 2719');
INSERT INTO doador (id_doador, nome, email, telefone) VALUES (9, 'Sarah Souza', 'elopes@example.com', '(041) 8870-6658');
INSERT INTO doador (id_doador, nome, email, telefone) VALUES (10, 'Levi Moreira', 'milenamacedo@example.org', '71 3854 5403');
INSERT INTO doador (id_doador, nome, email, telefone) VALUES (11, 'Cauê Moraes', 'maria-cecilialeao@example.net', '+55 (021) 8558-5497');
INSERT INTO doador (id_doador, nome, email, telefone) VALUES (12, 'Davi Lucas Sá', 'anthony-gabriel50@example.com', '+55 (021) 1106 3703');
INSERT INTO doador (id_doador, nome, email, telefone) VALUES (13, 'Stella Monteiro', 'davi-luccanogueira@example.org', '+55 (061) 5164 2734');
INSERT INTO doador (id_doador, nome, email, telefone) VALUES (14, 'Dra. Larissa Vasconcelos', 'psales@example.org', '0500 549 4217');
INSERT INTO doador (id_doador, nome, email, telefone) VALUES (15, 'Isabelly da Cunha', 'stephany80@example.com', '+55 (061) 7958-7776');
INSERT INTO doador (id_doador, nome, email, telefone) VALUES (16, 'Joana Machado', 'jose90@example.com', '+55 81 8964-7278');
INSERT INTO doador (id_doador, nome, email, telefone) VALUES (17, 'Isaque Nunes', 'ymachado@example.com', '(021) 3870 6263');
INSERT INTO doador (id_doador, nome, email, telefone) VALUES (18, 'Ana Cirino', 'vrezende@example.org', '41 1011 6236');
INSERT INTO doador (id_doador, nome, email, telefone) VALUES (19, 'Caleb Ferreira', 'xaragao@example.net', '81 1303-2729');
INSERT INTO doador (id_doador, nome, email, telefone) VALUES (20, 'Sr. João Felipe Pimenta', 'olivia86@example.net', '51 5359 5479');
INSERT INTO doador (id_doador, nome, email, telefone) VALUES (21, 'Ana Beatriz Pereira', 'lpastor@example.com', '0800-788-0460');
INSERT INTO doador (id_doador, nome, email, telefone) VALUES (22, 'Sra. Maria Clara Nunes', 'pietracavalcante@example.net', '0900 162 9726');
INSERT INTO doador (id_doador, nome, email, telefone) VALUES (23, 'Luiz Otávio Macedo', 'britoana-vitoria@example.org', '(021) 5082 7038');
INSERT INTO doador (id_doador, nome, email, telefone) VALUES (24, 'Arthur Pacheco', 'laura48@example.net', '61 3950-6693');
INSERT INTO doador (id_doador, nome, email, telefone) VALUES (25, 'Vitória Campos', 'mcarvalho@example.net', '0300-718-3897');
INSERT INTO doador (id_doador, nome, email, telefone) VALUES (26, 'Josué Pastor', 'silvafrancisco@example.org', '+55 84 4388 3883');
INSERT INTO doador (id_doador, nome, email, telefone) VALUES (27, 'Pedro Lucas da Rocha', 'oliveiraluiza@example.org', '+55 21 2276-5636');
INSERT INTO doador (id_doador, nome, email, telefone) VALUES (28, 'Alice Lopes', 'leticianascimento@example.net', '(031) 3234-4627');
INSERT INTO doador (id_doador, nome, email, telefone) VALUES (29, 'Ana Vitória Araújo', 'correiapedro-henrique@example.net', '(031) 4542-3422');
INSERT INTO doador (id_doador, nome, email, telefone) VALUES (30, 'Thiago Melo', 'souzamaria-helena@example.org', '+55 (011) 3424-6018');
INSERT INTO doador (id_doador, nome, email, telefone) VALUES (31, 'Aurora Aragão', 'antonio06@example.org', '+55 (011) 6700-3756');
INSERT INTO doador (id_doador, nome, email, telefone) VALUES (32, 'Maria Luiza Rocha', 'hadassacassiano@example.org', '+55 (061) 8127-5914');
INSERT INTO doador (id_doador, nome, email, telefone) VALUES (33, 'Apollo Pires', 'yasminmarques@example.org', '0300-295-0718');
INSERT INTO doador (id_doador, nome, email, telefone) VALUES (34, 'Alícia Ramos', 'vsiqueira@example.com', '(081) 0460 5482');
INSERT INTO doador (id_doador, nome, email, telefone) VALUES (35, 'Hadassa Novaes', 'yasmin21@example.com', '+55 (031) 1163-0830');
INSERT INTO doador (id_doador, nome, email, telefone) VALUES (36, 'Guilherme Souza', 'xvasconcelos@example.net', '+55 41 5145 7492');
INSERT INTO doador (id_doador, nome, email, telefone) VALUES (37, 'Théo Vasconcelos', 'emanuellycavalcante@example.com', '+55 (041) 8150 3277');
INSERT INTO doador (id_doador, nome, email, telefone) VALUES (38, 'Dra. Isabelly da Conceição', 'gaelda-rocha@example.net', '84 6018-8043');
INSERT INTO doador (id_doador, nome, email, telefone) VALUES (39, 'Bianca Barbosa', 'wborges@example.com', '+55 (041) 6989-2771');
INSERT INTO doador (id_doador, nome, email, telefone) VALUES (40, 'Davi Luiz Oliveira', 'diogo17@example.org', '+55 (011) 5566-8532');
INSERT INTO doador (id_doador, nome, email, telefone) VALUES (41, 'Ian Cunha', 'sbarbosa@example.com', '(031) 5325-4605');
INSERT INTO doador (id_doador, nome, email, telefone) VALUES (42, 'Srta. Maria Laura Porto', 'jose-miguel22@example.net', '+55 84 3670-6986');
INSERT INTO doador (id_doador, nome, email, telefone) VALUES (43, 'Dr. Luigi Vargas', 'woliveira@example.net', '(011) 2050-8257');
INSERT INTO doador (id_doador, nome, email, telefone) VALUES (44, 'Maria Luiza Pastor', 'cvasconcelos@example.org', '+55 71 1755 6961');
INSERT INTO doador (id_doador, nome, email, telefone) VALUES (45, 'Sr. Davi Luiz Duarte', 'zcirino@example.org', '+55 (051) 9736 4025');
INSERT INTO doador (id_doador, nome, email, telefone) VALUES (46, 'Levi Vieira', 'kamilly70@example.com', '+55 81 6242-7415');
INSERT INTO doador (id_doador, nome, email, telefone) VALUES (47, 'Sr. Leandro Pereira', 'saluara@example.net', '+55 41 2350-2277');
INSERT INTO doador (id_doador, nome, email, telefone) VALUES (48, 'Agatha Silva', 'maria-sophia12@example.net', '(021) 0495-7322');
INSERT INTO doador (id_doador, nome, email, telefone) VALUES (49, 'Srta. Allana Mendonça', 'xgoncalves@example.net', '(071) 3158-1132');
INSERT INTO doador (id_doador, nome, email, telefone) VALUES (50, 'Ana Beatriz da Mata', 'eloah40@example.org', '+55 61 9306-8319');

-- Inserções em ADOTANTE
INSERT INTO adotante (id_adotante, nome, email, telefone) VALUES (1, 'Eloá Nogueira', 'jose85@example.org', '41 9042 8813');
INSERT INTO adotante (id_adotante, nome, email, telefone) VALUES (2, 'João Miguel Barbosa', 'vitoriamacedo@example.net', '+55 84 2580-2846');
INSERT INTO adotante (id_adotante, nome, email, telefone) VALUES (3, 'Sr. Erick Martins', 'hcostela@example.net', '0800 806 8642');
INSERT INTO adotante (id_adotante, nome, email, telefone) VALUES (4, 'Raul Rios', 'rebeca55@example.net', '(061) 0279 5357');
INSERT INTO adotante (id_adotante, nome, email, telefone) VALUES (5, 'Thiago Sousa', 'sophiecorreia@example.net', '+55 81 5085-4072');
INSERT INTO adotante (id_adotante, nome, email, telefone) VALUES (6, 'Dr. Yan Mendonça', 'maria-laura05@example.org', '+55 11 4961 7516');
INSERT INTO adotante (id_adotante, nome, email, telefone) VALUES (7, 'Giovanna Correia', 'thomasbrito@example.net', '21 9355-1283');
INSERT INTO adotante (id_adotante, nome, email, telefone) VALUES (8, 'Dra. Mariah Aparecida', 'xmelo@example.com', '0300-853-2157');
INSERT INTO adotante (id_adotante, nome, email, telefone) VALUES (9, 'Sr. Renan Barbosa', 'qda-mota@example.com', '0800-243-4683');
INSERT INTO adotante (id_adotante, nome, email, telefone) VALUES (10, 'Ana Sophia Abreu', 'caleb88@example.org', '(081) 4586 4669');
INSERT INTO adotante (id_adotante, nome, email, telefone) VALUES (11, 'Sr. Breno Azevedo', 'yasmin65@example.net', '81 7024-5565');
INSERT INTO adotante (id_adotante, nome, email, telefone) VALUES (12, 'Ana Cecília Ribeiro', 'maria-julia34@example.net', '(071) 2577 9373');
INSERT INTO adotante (id_adotante, nome, email, telefone) VALUES (13, 'Dante Sampaio', 'ecaldeira@example.net', '11 8570 7995');
INSERT INTO adotante (id_adotante, nome, email, telefone) VALUES (14, 'Pedro Cassiano', 'anthony86@example.com', '(011) 7822-9209');
INSERT INTO adotante (id_adotante, nome, email, telefone) VALUES (15, 'Alana Novais', 'gborges@example.net', '11 1020 8248');
INSERT INTO adotante (id_adotante, nome, email, telefone) VALUES (16, 'Guilherme Silva', 'mfreitas@example.com', '+55 84 4821-6847');
INSERT INTO adotante (id_adotante, nome, email, telefone) VALUES (17, 'Dom da Cunha', 'costaaylla@example.org', '51 7915 4381');
INSERT INTO adotante (id_adotante, nome, email, telefone) VALUES (18, 'Ana Beatriz Vargas', 'silveiraraul@example.com', '+55 (011) 5605-3643');
INSERT INTO adotante (id_adotante, nome, email, telefone) VALUES (19, 'Dra. Mariah Viana', 'xpeixoto@example.org', '+55 21 1636 2570');
INSERT INTO adotante (id_adotante, nome, email, telefone) VALUES (20, 'Sr. João Pedro Moura', 'natalia87@example.com', '0800-124-9898');
INSERT INTO adotante (id_adotante, nome, email, telefone) VALUES (21, 'Felipe Barbosa', 'marcos-vinicius27@example.net', '+55 51 1813 6334');
INSERT INTO adotante (id_adotante, nome, email, telefone) VALUES (22, 'Léo Nogueira', 'ycasa-grande@example.net', '+55 (021) 4437-0514');
INSERT INTO adotante (id_adotante, nome, email, telefone) VALUES (23, 'Rael Lima', 'rhavi94@example.com', '+55 (031) 9524 4399');
INSERT INTO adotante (id_adotante, nome, email, telefone) VALUES (24, 'Dr. Diogo Costela', 'luiz-henriquebarbosa@example.com', '+55 11 8486 1080');
INSERT INTO adotante (id_adotante, nome, email, telefone) VALUES (25, 'Dra. Amanda Pires', 'tviana@example.org', '11 0380 4405');
INSERT INTO adotante (id_adotante, nome, email, telefone) VALUES (26, 'Juan Mendonça', 'sophiemontenegro@example.org', '+55 (071) 4231-1335');
INSERT INTO adotante (id_adotante, nome, email, telefone) VALUES (27, 'Sabrina Novais', 'sampaionoah@example.net', '0500 486 0613');
INSERT INTO adotante (id_adotante, nome, email, telefone) VALUES (28, 'Carlos Eduardo Melo', 'thales92@example.com', '0300-008-0158');
INSERT INTO adotante (id_adotante, nome, email, telefone) VALUES (29, 'Sra. Mariane Duarte', 'pedro-henrique03@example.com', '81 9062 3702');
INSERT INTO adotante (id_adotante, nome, email, telefone) VALUES (30, 'Dr. Luiz Fernando Pereira', 'henrycostela@example.com', '+55 (011) 6084-2268');
INSERT INTO adotante (id_adotante, nome, email, telefone) VALUES (31, 'Luana Barbosa', 'caldeiraluigi@example.com', '+55 (021) 5407-1895');
INSERT INTO adotante (id_adotante, nome, email, telefone) VALUES (32, 'Théo Almeida', 'kamilly11@example.org', '(031) 1805-4582');
INSERT INTO adotante (id_adotante, nome, email, telefone) VALUES (33, 'Nathan Alves', 'maria04@example.net', '84 1895 5432');
INSERT INTO adotante (id_adotante, nome, email, telefone) VALUES (34, 'Arthur Gabriel Pereira', 'wcardoso@example.com', '(021) 8087-0768');
INSERT INTO adotante (id_adotante, nome, email, telefone) VALUES (35, 'Stella Monteiro', 'sousahenrique@example.net', '0300-953-2923');
INSERT INTO adotante (id_adotante, nome, email, telefone) VALUES (36, 'Sr. Asafe Barros', 'mirella16@example.org', '0300-141-0428');
INSERT INTO adotante (id_adotante, nome, email, telefone) VALUES (37, 'Asafe Viana', 'asafe83@example.org', '+55 (031) 5948 2005');
INSERT INTO adotante (id_adotante, nome, email, telefone) VALUES (38, 'Sra. Sophie Carvalho', 'andradebenjamin@example.com', '+55 71 6252-6958');
INSERT INTO adotante (id_adotante, nome, email, telefone) VALUES (39, 'Dra. Joana Vargas', 'sophiamoura@example.org', '21 8231-6671');
INSERT INTO adotante (id_adotante, nome, email, telefone) VALUES (40, 'João Pedro Cassiano', 'ravisa@example.org', '0300 655 8029');
INSERT INTO adotante (id_adotante, nome, email, telefone) VALUES (41, 'Luiz Fernando Rodrigues', 'garciaapollo@example.net', '0500-685-6374');
INSERT INTO adotante (id_adotante, nome, email, telefone) VALUES (42, 'Olívia da Cunha', 'isabelagarcia@example.com', '+55 21 2788 7849');
INSERT INTO adotante (id_adotante, nome, email, telefone) VALUES (43, 'Srta. Beatriz Carvalho', 'wcamara@example.net', '0900 228 3937');
INSERT INTO adotante (id_adotante, nome, email, telefone) VALUES (44, 'João Fogaça', 'fcunha@example.org', '+55 (071) 1602-6844');
INSERT INTO adotante (id_adotante, nome, email, telefone) VALUES (45, 'Yago Alves', 'saalexandre@example.org', '21 7762-8585');
INSERT INTO adotante (id_adotante, nome, email, telefone) VALUES (46, 'Emilly Vargas', 'isis78@example.org', '+55 (061) 3661 2132');
INSERT INTO adotante (id_adotante, nome, email, telefone) VALUES (47, 'Isadora Monteiro', 'fmachado@example.net', '0900-382-1008');
INSERT INTO adotante (id_adotante, nome, email, telefone) VALUES (48, 'Anthony Melo', 'balves@example.net', '21 9314 9079');
INSERT INTO adotante (id_adotante, nome, email, telefone) VALUES (49, 'Sr. João Miguel Cavalcante', 'iduarte@example.net', '0900 958 3861');
INSERT INTO adotante (id_adotante, nome, email, telefone) VALUES (50, 'Gael Henrique Barros', 'andre69@example.com', '(021) 8301 6623');

-- Inserções em ANIMAL
INSERT INTO animal (id_animal, nome, data_nascimento, peso, especie, id_abrigo) VALUES (1, 'Matheus', '2024-05-12', 18.15, 'Coelho', 1);
INSERT INTO animal (id_animal, nome, data_nascimento, peso, especie, id_abrigo) VALUES (2, 'Maria Luísa', '2022-01-15', 34.05, 'Cachorro', 1);
INSERT INTO animal (id_animal, nome, data_nascimento, peso, especie, id_abrigo) VALUES (3, 'Aylla', '2021-08-23', 3.16, 'Hamster', 5);
INSERT INTO animal (id_animal, nome, data_nascimento, peso, especie, id_abrigo) VALUES (4, 'Fernanda', '2022-10-02', 3.14, 'Gato', 5);
INSERT INTO animal (id_animal, nome, data_nascimento, peso, especie, id_abrigo) VALUES (5, 'Maria Fernanda', '2021-10-15', 2.57, 'Coelho', 4);
INSERT INTO animal (id_animal, nome, data_nascimento, peso, especie, id_abrigo) VALUES (6, 'Brenda', '2020-11-08', 1.05, 'Pássaro', 3);
INSERT INTO animal (id_animal, nome, data_nascimento, peso, especie, id_abrigo) VALUES (7, 'Mariane', '2025-02-26', 30.78, 'Pássaro', 4);
INSERT INTO animal (id_animal, nome, data_nascimento, peso, especie, id_abrigo) VALUES (8, 'Isaque', '2023-05-17', 34.95, 'Hamster', 4);
INSERT INTO animal (id_animal, nome, data_nascimento, peso, especie, id_abrigo) VALUES (9, 'Thomas', '2024-07-14', 17.13, 'Coelho', 3);
INSERT INTO animal (id_animal, nome, data_nascimento, peso, especie, id_abrigo) VALUES (10, 'Isis', '2024-01-19', 8.51, 'Pássaro', 2);
INSERT INTO animal (id_animal, nome, data_nascimento, peso, especie, id_abrigo) VALUES (11, 'Antônio', '2023-08-25', 32.09, 'Pássaro', 2);
INSERT INTO animal (id_animal, nome, data_nascimento, peso, especie, id_abrigo) VALUES (12, 'Enzo Gabriel', '2024-08-27', 4.31, 'Gato', 5);
INSERT INTO animal (id_animal, nome, data_nascimento, peso, especie, id_abrigo) VALUES (13, 'André', '2023-06-23', 6.87, 'Coelho', 4);
INSERT INTO animal (id_animal, nome, data_nascimento, peso, especie, id_abrigo) VALUES (14, 'Pedro Lucas', '2022-05-21', 37.45, 'Gato', 4);
INSERT INTO animal (id_animal, nome, data_nascimento, peso, especie, id_abrigo) VALUES (15, 'Danilo', '2023-08-28', 9.43, 'Pássaro', 2);
INSERT INTO animal (id_animal, nome, data_nascimento, peso, especie, id_abrigo) VALUES (16, 'Evelyn', '2021-06-09', 28.85, 'Pássaro', 4);
INSERT INTO animal (id_animal, nome, data_nascimento, peso, especie, id_abrigo) VALUES (17, 'Alexandre', '2024-06-20', 26.82, 'Pássaro', 5);
INSERT INTO animal (id_animal, nome, data_nascimento, peso, especie, id_abrigo) VALUES (18, 'Emanuella', '2023-04-30', 32.52, 'Pássaro', 4);
INSERT INTO animal (id_animal, nome, data_nascimento, peso, especie, id_abrigo) VALUES (19, 'Dom', '2024-03-03', 6.16, 'Pássaro', 1);
INSERT INTO animal (id_animal, nome, data_nascimento, peso, especie, id_abrigo) VALUES (20, 'Camila', '2024-06-06', 13.78, 'Gato', 5);
INSERT INTO animal (id_animal, nome, data_nascimento, peso, especie, id_abrigo) VALUES (21, 'Caio', '2022-02-14', 17.34, 'Gato', 5);
INSERT INTO animal (id_animal, nome, data_nascimento, peso, especie, id_abrigo) VALUES (22, 'Natália', '2024-04-09', 28.17, 'Pássaro', 4);
INSERT INTO animal (id_animal, nome, data_nascimento, peso, especie, id_abrigo) VALUES (23, 'Francisco', '2022-09-07', 11.21, 'Pássaro', 5);
INSERT INTO animal (id_animal, nome, data_nascimento, peso, especie, id_abrigo) VALUES (24, 'Júlia', '2020-08-06', 33.39, 'Gato', 2);
INSERT INTO animal (id_animal, nome, data_nascimento, peso, especie, id_abrigo) VALUES (25, 'Lucca', '2024-03-01', 36.76, 'Pássaro', 4);
INSERT INTO animal (id_animal, nome, data_nascimento, peso, especie, id_abrigo) VALUES (26, 'Bianca', '2020-08-07', 9.1, 'Hamster', 3);
INSERT INTO animal (id_animal, nome, data_nascimento, peso, especie, id_abrigo) VALUES (27, 'Hellena', '2024-11-16', 1.69, 'Cachorro', 1);
INSERT INTO animal (id_animal, nome, data_nascimento, peso, especie, id_abrigo) VALUES (28, 'Sophia', '2021-09-13', 37.69, 'Cachorro', 1);
INSERT INTO animal (id_animal, nome, data_nascimento, peso, especie, id_abrigo) VALUES (29, 'Isabelly', '2021-12-11', 19.13, 'Pássaro', 4);
INSERT INTO animal (id_animal, nome, data_nascimento, peso, especie, id_abrigo) VALUES (30, 'Olivia', '2024-12-31', 22.02, 'Coelho', 5);
INSERT INTO animal (id_animal, nome, data_nascimento, peso, especie, id_abrigo) VALUES (31, 'Ravi Lucca', '2021-05-05', 29.85, 'Coelho', 3);
INSERT INTO animal (id_animal, nome, data_nascimento, peso, especie, id_abrigo) VALUES (32, 'Luiz Felipe', '2020-06-29', 5.61, 'Coelho', 4);
INSERT INTO animal (id_animal, nome, data_nascimento, peso, especie, id_abrigo) VALUES (33, 'Gustavo Henrique', '2024-04-07', 17.63, 'Cachorro', 1);
INSERT INTO animal (id_animal, nome, data_nascimento, peso, especie, id_abrigo) VALUES (34, 'Letícia', '2020-05-29', 32.06, 'Coelho', 3);
INSERT INTO animal (id_animal, nome, data_nascimento, peso, especie, id_abrigo) VALUES (35, 'Dom', '2023-08-19', 36.76, 'Pássaro', 5);
INSERT INTO animal (id_animal, nome, data_nascimento, peso, especie, id_abrigo) VALUES (36, 'Matteo', '2022-12-01', 27.11, 'Cachorro', 3);
INSERT INTO animal (id_animal, nome, data_nascimento, peso, especie, id_abrigo) VALUES (37, 'Enzo Gabriel', '2022-01-30', 31.03, 'Gato', 3);
INSERT INTO animal (id_animal, nome, data_nascimento, peso, especie, id_abrigo) VALUES (38, 'Davi', '2024-04-01', 11.35, 'Hamster', 5);
INSERT INTO animal (id_animal, nome, data_nascimento, peso, especie, id_abrigo) VALUES (39, 'Arthur Miguel', '2021-08-22', 16.93, 'Coelho', 1);
INSERT INTO animal (id_animal, nome, data_nascimento, peso, especie, id_abrigo) VALUES (40, 'Bianca', '2024-07-21', 30.87, 'Gato', 5);
INSERT INTO animal (id_animal, nome, data_nascimento, peso, especie, id_abrigo) VALUES (41, 'Ana Lívia', '2023-11-24', 25.5, 'Hamster', 1);
INSERT INTO animal (id_animal, nome, data_nascimento, peso, especie, id_abrigo) VALUES (42, 'Ryan', '2020-06-20', 31.55, 'Pássaro', 4);
INSERT INTO animal (id_animal, nome, data_nascimento, peso, especie, id_abrigo) VALUES (43, 'Théo', '2024-05-19', 2.08, 'Hamster', 3);
INSERT INTO animal (id_animal, nome, data_nascimento, peso, especie, id_abrigo) VALUES (44, 'Benjamim', '2024-09-26', 15.77, 'Pássaro', 2);
INSERT INTO animal (id_animal, nome, data_nascimento, peso, especie, id_abrigo) VALUES (45, 'Thales', '2022-06-03', 19.38, 'Gato', 1);
INSERT INTO animal (id_animal, nome, data_nascimento, peso, especie, id_abrigo) VALUES (46, 'Gustavo', '2024-02-07', 21.65, 'Hamster', 2);
INSERT INTO animal (id_animal, nome, data_nascimento, peso, especie, id_abrigo) VALUES (47, 'Cecília', '2023-03-08', 29.49, 'Gato', 4);
INSERT INTO animal (id_animal, nome, data_nascimento, peso, especie, id_abrigo) VALUES (48, 'Benício', '2020-05-13', 13.66, 'Pássaro', 2);
INSERT INTO animal (id_animal, nome, data_nascimento, peso, especie, id_abrigo) VALUES (49, 'Sarah', '2023-12-24', 19.76, 'Hamster', 1);
INSERT INTO animal (id_animal, nome, data_nascimento, peso, especie, id_abrigo) VALUES (50, 'Enrico', '2024-09-24', 27.97, 'Pássaro', 2);
INSERT INTO animal (id_animal, nome, data_nascimento, peso, especie, id_abrigo) VALUES (51, 'Marina', '2023-05-10', 18.63, 'Gato', 1);
INSERT INTO animal (id_animal, nome, data_nascimento, peso, especie, id_abrigo) VALUES (52, 'Thomas', '2024-09-14', 17.93, 'Pássaro', 2);
INSERT INTO animal (id_animal, nome, data_nascimento, peso, especie, id_abrigo) VALUES (53, 'Gael Henrique', '2023-04-01', 6.56, 'Gato', 3);
INSERT INTO animal (id_animal, nome, data_nascimento, peso, especie, id_abrigo) VALUES (54, 'Ravi', '2023-01-24', 23.15, 'Coelho', 5);
INSERT INTO animal (id_animal, nome, data_nascimento, peso, especie, id_abrigo) VALUES (55, 'Melina', '2021-09-15', 24.56, 'Pássaro', 2);
INSERT INTO animal (id_animal, nome, data_nascimento, peso, especie, id_abrigo) VALUES (56, 'Maria Laura', '2022-10-13', 28.26, 'Cachorro', 3);
INSERT INTO animal (id_animal, nome, data_nascimento, peso, especie, id_abrigo) VALUES (57, 'Sarah', '2022-03-14', 30.33, 'Cachorro', 4);
INSERT INTO animal (id_animal, nome, data_nascimento, peso, especie, id_abrigo) VALUES (58, 'João Gabriel', '2022-05-04', 35.66, 'Gato', 3);
INSERT INTO animal (id_animal, nome, data_nascimento, peso, especie, id_abrigo) VALUES (59, 'Josué', '2025-03-14', 15.42, 'Pássaro', 4);
INSERT INTO animal (id_animal, nome, data_nascimento, peso, especie, id_abrigo) VALUES (60, 'Aylla', '2021-12-23', 39.19, 'Pássaro', 1);
INSERT INTO animal (id_animal, nome, data_nascimento, peso, especie, id_abrigo) VALUES (61, 'Agatha', '2021-07-24', 34.57, 'Pássaro', 2);
INSERT INTO animal (id_animal, nome, data_nascimento, peso, especie, id_abrigo) VALUES (62, 'Ana Beatriz', '2021-06-28', 15.71, 'Pássaro', 3);
INSERT INTO animal (id_animal, nome, data_nascimento, peso, especie, id_abrigo) VALUES (63, 'Luiz Felipe', '2022-07-21', 13.56, 'Coelho', 3);
INSERT INTO animal (id_animal, nome, data_nascimento, peso, especie, id_abrigo) VALUES (64, 'Noah', '2022-06-27', 17.46, 'Gato', 3);
INSERT INTO animal (id_animal, nome, data_nascimento, peso, especie, id_abrigo) VALUES (65, 'Manuella', '2021-07-11', 15.77, 'Cachorro', 1);
INSERT INTO animal (id_animal, nome, data_nascimento, peso, especie, id_abrigo) VALUES (66, 'Brayan', '2023-01-02', 34.25, 'Cachorro', 4);
INSERT INTO animal (id_animal, nome, data_nascimento, peso, especie, id_abrigo) VALUES (67, 'Levi', '2021-05-01', 14.15, 'Cachorro', 1);
INSERT INTO animal (id_animal, nome, data_nascimento, peso, especie, id_abrigo) VALUES (68, 'Laura', '2022-06-11', 32.48, 'Hamster', 2);
INSERT INTO animal (id_animal, nome, data_nascimento, peso, especie, id_abrigo) VALUES (69, 'Stella', '2022-11-29', 11.82, 'Coelho', 3);
INSERT INTO animal (id_animal, nome, data_nascimento, peso, especie, id_abrigo) VALUES (70, 'Gael Henrique', '2022-06-04', 12.7, 'Gato', 2);
INSERT INTO animal (id_animal, nome, data_nascimento, peso, especie, id_abrigo) VALUES (71, 'Stella', '2021-10-16', 4.98, 'Gato', 3);
INSERT INTO animal (id_animal, nome, data_nascimento, peso, especie, id_abrigo) VALUES (72, 'Clarice', '2020-09-23', 10.06, 'Coelho', 5);
INSERT INTO animal (id_animal, nome, data_nascimento, peso, especie, id_abrigo) VALUES (73, 'Júlia', '2024-01-08', 5.83, 'Pássaro', 3);
INSERT INTO animal (id_animal, nome, data_nascimento, peso, especie, id_abrigo) VALUES (74, 'Isabel', '2023-02-13', 18.59, 'Gato', 4);
INSERT INTO animal (id_animal, nome, data_nascimento, peso, especie, id_abrigo) VALUES (75, 'Emilly', '2023-06-25', 35.31, 'Pássaro', 2);
INSERT INTO animal (id_animal, nome, data_nascimento, peso, especie, id_abrigo) VALUES (76, 'Luiza', '2021-05-23', 29.42, 'Cachorro', 4);
INSERT INTO animal (id_animal, nome, data_nascimento, peso, especie, id_abrigo) VALUES (77, 'Allana', '2022-12-17', 6.13, 'Cachorro', 1);
INSERT INTO animal (id_animal, nome, data_nascimento, peso, especie, id_abrigo) VALUES (78, 'Isabelly', '2021-11-06', 28.33, 'Cachorro', 1);
INSERT INTO animal (id_animal, nome, data_nascimento, peso, especie, id_abrigo) VALUES (79, 'Dante', '2021-02-16', 11.0, 'Hamster', 4);
INSERT INTO animal (id_animal, nome, data_nascimento, peso, especie, id_abrigo) VALUES (80, 'Ana Júlia', '2020-07-31', 38.53, 'Coelho', 3);
INSERT INTO animal (id_animal, nome, data_nascimento, peso, especie, id_abrigo) VALUES (81, 'Rafael', '2022-12-14', 11.62, 'Cachorro', 2);
INSERT INTO animal (id_animal, nome, data_nascimento, peso, especie, id_abrigo) VALUES (82, 'Ana Clara', '2024-04-07', 26.15, 'Gato', 4);
INSERT INTO animal (id_animal, nome, data_nascimento, peso, especie, id_abrigo) VALUES (83, 'Maria Alice', '2023-11-01', 33.14, 'Coelho', 4);
INSERT INTO animal (id_animal, nome, data_nascimento, peso, especie, id_abrigo) VALUES (84, 'Asafe', '2024-10-15', 38.87, 'Cachorro', 2);
INSERT INTO animal (id_animal, nome, data_nascimento, peso, especie, id_abrigo) VALUES (85, 'Manuela', '2020-10-31', 23.37, 'Cachorro', 4);
INSERT INTO animal (id_animal, nome, data_nascimento, peso, especie, id_abrigo) VALUES (86, 'Alícia', '2021-12-30', 14.28, 'Hamster', 1);
INSERT INTO animal (id_animal, nome, data_nascimento, peso, especie, id_abrigo) VALUES (87, 'Valentim', '2021-12-09', 32.7, 'Hamster', 1);
INSERT INTO animal (id_animal, nome, data_nascimento, peso, especie, id_abrigo) VALUES (88, 'Isabelly', '2023-01-21', 34.05, 'Pássaro', 2);
INSERT INTO animal (id_animal, nome, data_nascimento, peso, especie, id_abrigo) VALUES (89, 'Luna', '2024-12-19', 15.95, 'Cachorro', 1);
INSERT INTO animal (id_animal, nome, data_nascimento, peso, especie, id_abrigo) VALUES (90, 'Ana Julia', '2023-04-27', 27.4, 'Coelho', 2);
INSERT INTO animal (id_animal, nome, data_nascimento, peso, especie, id_abrigo) VALUES (91, 'Yago', '2021-09-02', 8.3, 'Pássaro', 1);
INSERT INTO animal (id_animal, nome, data_nascimento, peso, especie, id_abrigo) VALUES (92, 'Alexandre', '2022-09-27', 3.36, 'Gato', 3);
INSERT INTO animal (id_animal, nome, data_nascimento, peso, especie, id_abrigo) VALUES (93, 'Paulo', '2024-07-09', 4.9, 'Coelho', 3);
INSERT INTO animal (id_animal, nome, data_nascimento, peso, especie, id_abrigo) VALUES (94, 'Maysa', '2022-08-16', 38.58, 'Hamster', 2);
INSERT INTO animal (id_animal, nome, data_nascimento, peso, especie, id_abrigo) VALUES (95, 'Isabela', '2021-06-18', 38.05, 'Pássaro', 2);
INSERT INTO animal (id_animal, nome, data_nascimento, peso, especie, id_abrigo) VALUES (96, 'João Miguel', '2024-12-29', 31.13, 'Coelho', 4);
INSERT INTO animal (id_animal, nome, data_nascimento, peso, especie, id_abrigo) VALUES (97, 'Isadora', '2022-07-07', 2.99, 'Coelho', 1);
INSERT INTO animal (id_animal, nome, data_nascimento, peso, especie, id_abrigo) VALUES (98, 'Theodoro', '2024-08-22', 10.04, 'Coelho', 3);
INSERT INTO animal (id_animal, nome, data_nascimento, peso, especie, id_abrigo) VALUES (99, 'Bernardo', '2024-06-28', 32.26, 'Cachorro', 2);
INSERT INTO animal (id_animal, nome, data_nascimento, peso, especie, id_abrigo) VALUES (100, 'Mateus', '2025-01-10', 37.87, 'Pássaro', 4);

-- Inserções em TRABALHA_EM
INSERT INTO trabalha_em (id_voluntario, id_abrigo) VALUES (1, 1);
INSERT INTO trabalha_em (id_voluntario, id_abrigo) VALUES (2, 5);
INSERT INTO trabalha_em (id_voluntario, id_abrigo) VALUES (3, 3);
INSERT INTO trabalha_em (id_voluntario, id_abrigo) VALUES (3, 4);
INSERT INTO trabalha_em (id_voluntario, id_abrigo) VALUES (4, 5);
INSERT INTO trabalha_em (id_voluntario, id_abrigo) VALUES (4, 4);
INSERT INTO trabalha_em (id_voluntario, id_abrigo) VALUES (5, 3);
INSERT INTO trabalha_em (id_voluntario, id_abrigo) VALUES (6, 1);
INSERT INTO trabalha_em (id_voluntario, id_abrigo) VALUES (6, 3);
INSERT INTO trabalha_em (id_voluntario, id_abrigo) VALUES (7, 2);
INSERT INTO trabalha_em (id_voluntario, id_abrigo) VALUES (7, 3);
INSERT INTO trabalha_em (id_voluntario, id_abrigo) VALUES (8, 3);
INSERT INTO trabalha_em (id_voluntario, id_abrigo) VALUES (8, 1);
INSERT INTO trabalha_em (id_voluntario, id_abrigo) VALUES (9, 2);
INSERT INTO trabalha_em (id_voluntario, id_abrigo) VALUES (9, 5);
INSERT INTO trabalha_em (id_voluntario, id_abrigo) VALUES (10, 2);
INSERT INTO trabalha_em (id_voluntario, id_abrigo) VALUES (11, 1);
INSERT INTO trabalha_em (id_voluntario, id_abrigo) VALUES (11, 2);
INSERT INTO trabalha_em (id_voluntario, id_abrigo) VALUES (12, 5);
INSERT INTO trabalha_em (id_voluntario, id_abrigo) VALUES (13, 1);
INSERT INTO trabalha_em (id_voluntario, id_abrigo) VALUES (13, 5);
INSERT INTO trabalha_em (id_voluntario, id_abrigo) VALUES (14, 3);
INSERT INTO trabalha_em (id_voluntario, id_abrigo) VALUES (14, 2);
INSERT INTO trabalha_em (id_voluntario, id_abrigo) VALUES (15, 5);
INSERT INTO trabalha_em (id_voluntario, id_abrigo) VALUES (16, 1);
INSERT INTO trabalha_em (id_voluntario, id_abrigo) VALUES (17, 3);
INSERT INTO trabalha_em (id_voluntario, id_abrigo) VALUES (17, 4);
INSERT INTO trabalha_em (id_voluntario, id_abrigo) VALUES (18, 2);
INSERT INTO trabalha_em (id_voluntario, id_abrigo) VALUES (19, 5);
INSERT INTO trabalha_em (id_voluntario, id_abrigo) VALUES (20, 1);
INSERT INTO trabalha_em (id_voluntario, id_abrigo) VALUES (20, 2);

-- Inserções em CUIDA
INSERT INTO cuida (id_veterinario, id_animal) VALUES (1, 81);
INSERT INTO cuida (id_veterinario, id_animal) VALUES (1, 45);
INSERT INTO cuida (id_veterinario, id_animal) VALUES (1, 62);
INSERT INTO cuida (id_veterinario, id_animal) VALUES (1, 49);
INSERT INTO cuida (id_veterinario, id_animal) VALUES (1, 15);
INSERT INTO cuida (id_veterinario, id_animal) VALUES (1, 61);
INSERT INTO cuida (id_veterinario, id_animal) VALUES (1, 9);
INSERT INTO cuida (id_veterinario, id_animal) VALUES (1, 77);
INSERT INTO cuida (id_veterinario, id_animal) VALUES (1, 11);
INSERT INTO cuida (id_veterinario, id_animal) VALUES (2, 52);
INSERT INTO cuida (id_veterinario, id_animal) VALUES (2, 42);
INSERT INTO cuida (id_veterinario, id_animal) VALUES (2, 82);
INSERT INTO cuida (id_veterinario, id_animal) VALUES (2, 61);
INSERT INTO cuida (id_veterinario, id_animal) VALUES (2, 53);
INSERT INTO cuida (id_veterinario, id_animal) VALUES (2, 13);
INSERT INTO cuida (id_veterinario, id_animal) VALUES (3, 59);
INSERT INTO cuida (id_veterinario, id_animal) VALUES (3, 40);
INSERT INTO cuida (id_veterinario, id_animal) VALUES (3, 5);
INSERT INTO cuida (id_veterinario, id_animal) VALUES (3, 50);
INSERT INTO cuida (id_veterinario, id_animal) VALUES (3, 31);
INSERT INTO cuida (id_veterinario, id_animal) VALUES (3, 26);
INSERT INTO cuida (id_veterinario, id_animal) VALUES (3, 22);
INSERT INTO cuida (id_veterinario, id_animal) VALUES (3, 75);
INSERT INTO cuida (id_veterinario, id_animal) VALUES (3, 81);
INSERT INTO cuida (id_veterinario, id_animal) VALUES (4, 59);
INSERT INTO cuida (id_veterinario, id_animal) VALUES (4, 92);
INSERT INTO cuida (id_veterinario, id_animal) VALUES (4, 24);
INSERT INTO cuida (id_veterinario, id_animal) VALUES (4, 9);
INSERT INTO cuida (id_veterinario, id_animal) VALUES (4, 32);
INSERT INTO cuida (id_veterinario, id_animal) VALUES (5, 8);
INSERT INTO cuida (id_veterinario, id_animal) VALUES (5, 64);
INSERT INTO cuida (id_veterinario, id_animal) VALUES (5, 23);
INSERT INTO cuida (id_veterinario, id_animal) VALUES (5, 91);
INSERT INTO cuida (id_veterinario, id_animal) VALUES (5, 41);
INSERT INTO cuida (id_veterinario, id_animal) VALUES (5, 84);
INSERT INTO cuida (id_veterinario, id_animal) VALUES (5, 88);
INSERT INTO cuida (id_veterinario, id_animal) VALUES (6, 48);
INSERT INTO cuida (id_veterinario, id_animal) VALUES (6, 81);
INSERT INTO cuida (id_veterinario, id_animal) VALUES (6, 84);
INSERT INTO cuida (id_veterinario, id_animal) VALUES (6, 4);
INSERT INTO cuida (id_veterinario, id_animal) VALUES (6, 41);
INSERT INTO cuida (id_veterinario, id_animal) VALUES (6, 1);
INSERT INTO cuida (id_veterinario, id_animal) VALUES (6, 53);
INSERT INTO cuida (id_veterinario, id_animal) VALUES (6, 72);
INSERT INTO cuida (id_veterinario, id_animal) VALUES (6, 42);
INSERT INTO cuida (id_veterinario, id_animal) VALUES (7, 89);
INSERT INTO cuida (id_veterinario, id_animal) VALUES (7, 15);
INSERT INTO cuida (id_veterinario, id_animal) VALUES (7, 93);
INSERT INTO cuida (id_veterinario, id_animal) VALUES (7, 56);
INSERT INTO cuida (id_veterinario, id_animal) VALUES (7, 13);
INSERT INTO cuida (id_veterinario, id_animal) VALUES (7, 7);
INSERT INTO cuida (id_veterinario, id_animal) VALUES (7, 67);
INSERT INTO cuida (id_veterinario, id_animal) VALUES (8, 84);
INSERT INTO cuida (id_veterinario, id_animal) VALUES (8, 63);
INSERT INTO cuida (id_veterinario, id_animal) VALUES (8, 31);
INSERT INTO cuida (id_veterinario, id_animal) VALUES (8, 75);
INSERT INTO cuida (id_veterinario, id_animal) VALUES (8, 87);
INSERT INTO cuida (id_veterinario, id_animal) VALUES (8, 18);
INSERT INTO cuida (id_veterinario, id_animal) VALUES (9, 12);
INSERT INTO cuida (id_veterinario, id_animal) VALUES (9, 32);
INSERT INTO cuida (id_veterinario, id_animal) VALUES (9, 22);
INSERT INTO cuida (id_veterinario, id_animal) VALUES (9, 15);
INSERT INTO cuida (id_veterinario, id_animal) VALUES (9, 48);
INSERT INTO cuida (id_veterinario, id_animal) VALUES (9, 9);
INSERT INTO cuida (id_veterinario, id_animal) VALUES (9, 23);
INSERT INTO cuida (id_veterinario, id_animal) VALUES (9, 59);
INSERT INTO cuida (id_veterinario, id_animal) VALUES (9, 97);
INSERT INTO cuida (id_veterinario, id_animal) VALUES (9, 3);
INSERT INTO cuida (id_veterinario, id_animal) VALUES (10, 50);
INSERT INTO cuida (id_veterinario, id_animal) VALUES (10, 59);
INSERT INTO cuida (id_veterinario, id_animal) VALUES (10, 31);
INSERT INTO cuida (id_veterinario, id_animal) VALUES (10, 75);
INSERT INTO cuida (id_veterinario, id_animal) VALUES (10, 46);
INSERT INTO cuida (id_veterinario, id_animal) VALUES (10, 47);
INSERT INTO cuida (id_veterinario, id_animal) VALUES (10, 57);

-- Inserções em DOACAO
INSERT INTO doacao (id_doador, id_animal, data_doacao, condicao_animal) VALUES (4, 1, '2024-09-09', 'Boa');
INSERT INTO doacao (id_doador, id_animal, data_doacao, condicao_animal) VALUES (9, 2, '2023-10-05', 'Ruim');
INSERT INTO doacao (id_doador, id_animal, data_doacao, condicao_animal) VALUES (14, 3, '2023-06-04', 'Ruim');
INSERT INTO doacao (id_doador, id_animal, data_doacao, condicao_animal) VALUES (30, 4, '2023-10-25', 'Boa');
INSERT INTO doacao (id_doador, id_animal, data_doacao, condicao_animal) VALUES (1, 5, '2023-12-25', 'Boa');
INSERT INTO doacao (id_doador, id_animal, data_doacao, condicao_animal) VALUES (48, 6, '2024-07-05', 'Ruim');
INSERT INTO doacao (id_doador, id_animal, data_doacao, condicao_animal) VALUES (41, 7, '2023-10-24', 'Regular');
INSERT INTO doacao (id_doador, id_animal, data_doacao, condicao_animal) VALUES (21, 8, '2024-03-06', 'Boa');
INSERT INTO doacao (id_doador, id_animal, data_doacao, condicao_animal) VALUES (10, 9, '2025-01-18', 'Regular');
INSERT INTO doacao (id_doador, id_animal, data_doacao, condicao_animal) VALUES (24, 10, '2023-10-21', 'Regular');
INSERT INTO doacao (id_doador, id_animal, data_doacao, condicao_animal) VALUES (34, 11, '2023-09-09', 'Boa');
INSERT INTO doacao (id_doador, id_animal, data_doacao, condicao_animal) VALUES (12, 12, '2024-06-09', 'Regular');
INSERT INTO doacao (id_doador, id_animal, data_doacao, condicao_animal) VALUES (27, 13, '2024-09-13', 'Boa');
INSERT INTO doacao (id_doador, id_animal, data_doacao, condicao_animal) VALUES (48, 14, '2024-01-02', 'Boa');
INSERT INTO doacao (id_doador, id_animal, data_doacao, condicao_animal) VALUES (11, 15, '2023-08-28', 'Ruim');
INSERT INTO doacao (id_doador, id_animal, data_doacao, condicao_animal) VALUES (30, 16, '2024-04-06', 'Regular');
INSERT INTO doacao (id_doador, id_animal, data_doacao, condicao_animal) VALUES (16, 17, '2024-04-26', 'Ruim');
INSERT INTO doacao (id_doador, id_animal, data_doacao, condicao_animal) VALUES (44, 18, '2023-10-27', 'Boa');
INSERT INTO doacao (id_doador, id_animal, data_doacao, condicao_animal) VALUES (39, 19, '2024-06-26', 'Boa');
INSERT INTO doacao (id_doador, id_animal, data_doacao, condicao_animal) VALUES (2, 20, '2023-08-28', 'Regular');
INSERT INTO doacao (id_doador, id_animal, data_doacao, condicao_animal) VALUES (5, 21, '2024-02-06', 'Regular');
INSERT INTO doacao (id_doador, id_animal, data_doacao, condicao_animal) VALUES (31, 22, '2025-01-15', 'Boa');
INSERT INTO doacao (id_doador, id_animal, data_doacao, condicao_animal) VALUES (27, 23, '2024-02-15', 'Ruim');
INSERT INTO doacao (id_doador, id_animal, data_doacao, condicao_animal) VALUES (31, 24, '2025-03-05', 'Ruim');
INSERT INTO doacao (id_doador, id_animal, data_doacao, condicao_animal) VALUES (32, 25, '2023-06-06', 'Boa');
INSERT INTO doacao (id_doador, id_animal, data_doacao, condicao_animal) VALUES (47, 26, '2024-06-05', 'Regular');
INSERT INTO doacao (id_doador, id_animal, data_doacao, condicao_animal) VALUES (18, 27, '2023-05-23', 'Ruim');
INSERT INTO doacao (id_doador, id_animal, data_doacao, condicao_animal) VALUES (8, 28, '2024-12-23', 'Ruim');
INSERT INTO doacao (id_doador, id_animal, data_doacao, condicao_animal) VALUES (18, 29, '2023-12-12', 'Ruim');
INSERT INTO doacao (id_doador, id_animal, data_doacao, condicao_animal) VALUES (8, 30, '2024-05-24', 'Ruim');
INSERT INTO doacao (id_doador, id_animal, data_doacao, condicao_animal) VALUES (19, 31, '2025-01-07', 'Ruim');
INSERT INTO doacao (id_doador, id_animal, data_doacao, condicao_animal) VALUES (30, 32, '2023-08-06', 'Ruim');
INSERT INTO doacao (id_doador, id_animal, data_doacao, condicao_animal) VALUES (16, 33, '2024-11-04', 'Ruim');
INSERT INTO doacao (id_doador, id_animal, data_doacao, condicao_animal) VALUES (2, 34, '2023-09-15', 'Ruim');
INSERT INTO doacao (id_doador, id_animal, data_doacao, condicao_animal) VALUES (23, 35, '2023-05-16', 'Boa');
INSERT INTO doacao (id_doador, id_animal, data_doacao, condicao_animal) VALUES (25, 36, '2024-02-11', 'Ruim');
INSERT INTO doacao (id_doador, id_animal, data_doacao, condicao_animal) VALUES (29, 37, '2023-07-31', 'Regular');
INSERT INTO doacao (id_doador, id_animal, data_doacao, condicao_animal) VALUES (22, 38, '2024-07-24', 'Boa');
INSERT INTO doacao (id_doador, id_animal, data_doacao, condicao_animal) VALUES (38, 39, '2025-04-23', 'Boa');
INSERT INTO doacao (id_doador, id_animal, data_doacao, condicao_animal) VALUES (3, 40, '2024-04-09', 'Boa');
INSERT INTO doacao (id_doador, id_animal, data_doacao, condicao_animal) VALUES (49, 41, '2024-09-25', 'Ruim');
INSERT INTO doacao (id_doador, id_animal, data_doacao, condicao_animal) VALUES (19, 42, '2024-04-04', 'Regular');
INSERT INTO doacao (id_doador, id_animal, data_doacao, condicao_animal) VALUES (12, 43, '2023-11-02', 'Boa');
INSERT INTO doacao (id_doador, id_animal, data_doacao, condicao_animal) VALUES (27, 44, '2023-12-23', 'Boa');
INSERT INTO doacao (id_doador, id_animal, data_doacao, condicao_animal) VALUES (45, 45, '2025-01-07', 'Regular');
INSERT INTO doacao (id_doador, id_animal, data_doacao, condicao_animal) VALUES (8, 46, '2024-12-28', 'Boa');
INSERT INTO doacao (id_doador, id_animal, data_doacao, condicao_animal) VALUES (38, 47, '2023-07-30', 'Boa');
INSERT INTO doacao (id_doador, id_animal, data_doacao, condicao_animal) VALUES (39, 48, '2024-03-23', 'Ruim');
INSERT INTO doacao (id_doador, id_animal, data_doacao, condicao_animal) VALUES (24, 49, '2023-12-22', 'Regular');
INSERT INTO doacao (id_doador, id_animal, data_doacao, condicao_animal) VALUES (28, 50, '2024-07-19', 'Regular');
INSERT INTO doacao (id_doador, id_animal, data_doacao, condicao_animal) VALUES (14, 51, '2024-05-20', 'Ruim');
INSERT INTO doacao (id_doador, id_animal, data_doacao, condicao_animal) VALUES (2, 52, '2024-09-25', 'Boa');
INSERT INTO doacao (id_doador, id_animal, data_doacao, condicao_animal) VALUES (12, 53, '2024-04-14', 'Boa');
INSERT INTO doacao (id_doador, id_animal, data_doacao, condicao_animal) VALUES (4, 54, '2025-01-22', 'Boa');
INSERT INTO doacao (id_doador, id_animal, data_doacao, condicao_animal) VALUES (7, 55, '2023-06-01', 'Regular');
INSERT INTO doacao (id_doador, id_animal, data_doacao, condicao_animal) VALUES (26, 56, '2023-07-31', 'Regular');
INSERT INTO doacao (id_doador, id_animal, data_doacao, condicao_animal) VALUES (8, 57, '2024-12-29', 'Ruim');
INSERT INTO doacao (id_doador, id_animal, data_doacao, condicao_animal) VALUES (7, 58, '2023-08-04', 'Ruim');
INSERT INTO doacao (id_doador, id_animal, data_doacao, condicao_animal) VALUES (33, 59, '2025-02-14', 'Boa');
INSERT INTO doacao (id_doador, id_animal, data_doacao, condicao_animal) VALUES (12, 60, '2024-04-19', 'Boa');
INSERT INTO doacao (id_doador, id_animal, data_doacao, condicao_animal) VALUES (15, 61, '2024-05-02', 'Regular');
INSERT INTO doacao (id_doador, id_animal, data_doacao, condicao_animal) VALUES (44, 62, '2024-12-08', 'Boa');
INSERT INTO doacao (id_doador, id_animal, data_doacao, condicao_animal) VALUES (43, 63, '2024-01-22', 'Boa');
INSERT INTO doacao (id_doador, id_animal, data_doacao, condicao_animal) VALUES (44, 64, '2023-05-31', 'Ruim');
INSERT INTO doacao (id_doador, id_animal, data_doacao, condicao_animal) VALUES (5, 65, '2024-03-08', 'Regular');
INSERT INTO doacao (id_doador, id_animal, data_doacao, condicao_animal) VALUES (13, 66, '2024-12-31', 'Regular');
INSERT INTO doacao (id_doador, id_animal, data_doacao, condicao_animal) VALUES (6, 67, '2023-11-04', 'Regular');
INSERT INTO doacao (id_doador, id_animal, data_doacao, condicao_animal) VALUES (37, 68, '2023-10-21', 'Regular');
INSERT INTO doacao (id_doador, id_animal, data_doacao, condicao_animal) VALUES (17, 69, '2023-05-28', 'Boa');
INSERT INTO doacao (id_doador, id_animal, data_doacao, condicao_animal) VALUES (45, 70, '2024-08-15', 'Regular');
INSERT INTO doacao (id_doador, id_animal, data_doacao, condicao_animal) VALUES (8, 71, '2024-04-17', 'Ruim');
INSERT INTO doacao (id_doador, id_animal, data_doacao, condicao_animal) VALUES (15, 72, '2024-11-29', 'Regular');
INSERT INTO doacao (id_doador, id_animal, data_doacao, condicao_animal) VALUES (34, 73, '2024-05-13', 'Ruim');
INSERT INTO doacao (id_doador, id_animal, data_doacao, condicao_animal) VALUES (32, 74, '2024-01-11', 'Boa');
INSERT INTO doacao (id_doador, id_animal, data_doacao, condicao_animal) VALUES (43, 75, '2024-08-19', 'Ruim');
INSERT INTO doacao (id_doador, id_animal, data_doacao, condicao_animal) VALUES (3, 76, '2024-09-09', 'Regular');
INSERT INTO doacao (id_doador, id_animal, data_doacao, condicao_animal) VALUES (47, 77, '2024-04-11', 'Ruim');
INSERT INTO doacao (id_doador, id_animal, data_doacao, condicao_animal) VALUES (43, 78, '2023-10-19', 'Ruim');
INSERT INTO doacao (id_doador, id_animal, data_doacao, condicao_animal) VALUES (19, 79, '2023-09-20', 'Ruim');
INSERT INTO doacao (id_doador, id_animal, data_doacao, condicao_animal) VALUES (18, 80, '2024-05-21', 'Ruim');
INSERT INTO doacao (id_doador, id_animal, data_doacao, condicao_animal) VALUES (8, 81, '2024-11-09', 'Regular');
INSERT INTO doacao (id_doador, id_animal, data_doacao, condicao_animal) VALUES (11, 82, '2023-09-30', 'Regular');
INSERT INTO doacao (id_doador, id_animal, data_doacao, condicao_animal) VALUES (50, 83, '2024-10-12', 'Ruim');
INSERT INTO doacao (id_doador, id_animal, data_doacao, condicao_animal) VALUES (19, 84, '2023-08-15', 'Boa');
INSERT INTO doacao (id_doador, id_animal, data_doacao, condicao_animal) VALUES (12, 85, '2023-10-18', 'Regular');
INSERT INTO doacao (id_doador, id_animal, data_doacao, condicao_animal) VALUES (42, 86, '2024-10-02', 'Ruim');
INSERT INTO doacao (id_doador, id_animal, data_doacao, condicao_animal) VALUES (12, 87, '2024-02-06', 'Regular');
INSERT INTO doacao (id_doador, id_animal, data_doacao, condicao_animal) VALUES (32, 88, '2024-09-18', 'Ruim');
INSERT INTO doacao (id_doador, id_animal, data_doacao, condicao_animal) VALUES (50, 89, '2024-05-18', 'Ruim');
INSERT INTO doacao (id_doador, id_animal, data_doacao, condicao_animal) VALUES (31, 90, '2023-09-26', 'Ruim');
INSERT INTO doacao (id_doador, id_animal, data_doacao, condicao_animal) VALUES (24, 91, '2023-12-24', 'Ruim');
INSERT INTO doacao (id_doador, id_animal, data_doacao, condicao_animal) VALUES (46, 92, '2024-08-17', 'Boa');
INSERT INTO doacao (id_doador, id_animal, data_doacao, condicao_animal) VALUES (40, 93, '2023-07-21', 'Boa');
INSERT INTO doacao (id_doador, id_animal, data_doacao, condicao_animal) VALUES (28, 94, '2023-09-03', 'Boa');
INSERT INTO doacao (id_doador, id_animal, data_doacao, condicao_animal) VALUES (29, 95, '2023-09-03', 'Regular');
INSERT INTO doacao (id_doador, id_animal, data_doacao, condicao_animal) VALUES (26, 96, '2024-04-02', 'Ruim');
INSERT INTO doacao (id_doador, id_animal, data_doacao, condicao_animal) VALUES (15, 97, '2024-09-04', 'Boa');
INSERT INTO doacao (id_doador, id_animal, data_doacao, condicao_animal) VALUES (1, 98, '2023-11-18', 'Ruim');
INSERT INTO doacao (id_doador, id_animal, data_doacao, condicao_animal) VALUES (23, 99, '2023-08-22', 'Regular');
INSERT INTO doacao (id_doador, id_animal, data_doacao, condicao_animal) VALUES (27, 100, '2023-12-19', 'Regular');

-- Inserções em ADOCAO
INSERT INTO adocao (id_animal, id_adotante, data_adocao) VALUES (99, 26, '2025-04-18');
INSERT INTO adocao (id_animal, id_adotante, data_adocao) VALUES (14, 19, '2025-03-04');
INSERT INTO adocao (id_animal, id_adotante, data_adocao) VALUES (81, 41, '2025-02-23');
INSERT INTO adocao (id_animal, id_adotante, data_adocao) VALUES (79, 45, '2024-10-12');
INSERT INTO adocao (id_animal, id_adotante, data_adocao) VALUES (5, 45, '2025-04-04');
INSERT INTO adocao (id_animal, id_adotante, data_adocao) VALUES (46, 44, '2024-06-10');
INSERT INTO adocao (id_animal, id_adotante, data_adocao) VALUES (24, 20, '2024-08-04');
INSERT INTO adocao (id_animal, id_adotante, data_adocao) VALUES (63, 24, '2025-02-05');
INSERT INTO adocao (id_animal, id_adotante, data_adocao) VALUES (21, 12, '2024-11-03');
INSERT INTO adocao (id_animal, id_adotante, data_adocao) VALUES (76, 23, '2024-11-19');
INSERT INTO adocao (id_animal, id_adotante, data_adocao) VALUES (42, 19, '2025-05-05');
INSERT INTO adocao (id_animal, id_adotante, data_adocao) VALUES (80, 30, '2024-07-18');
INSERT INTO adocao (id_animal, id_adotante, data_adocao) VALUES (43, 16, '2025-02-19');
INSERT INTO adocao (id_animal, id_adotante, data_adocao) VALUES (72, 23, '2024-06-07');
INSERT INTO adocao (id_animal, id_adotante, data_adocao) VALUES (10, 5, '2025-04-20');
INSERT INTO adocao (id_animal, id_adotante, data_adocao) VALUES (35, 29, '2024-11-20');
INSERT INTO adocao (id_animal, id_adotante, data_adocao) VALUES (59, 47, '2025-02-21');
INSERT INTO adocao (id_animal, id_adotante, data_adocao) VALUES (87, 50, '2024-08-15');
INSERT INTO adocao (id_animal, id_adotante, data_adocao) VALUES (69, 8, '2024-06-21');
INSERT INTO adocao (id_animal, id_adotante, data_adocao) VALUES (96, 17, '2024-11-08');
INSERT INTO adocao (id_animal, id_adotante, data_adocao) VALUES (54, 45, '2025-02-09');
INSERT INTO adocao (id_animal, id_adotante, data_adocao) VALUES (100, 33, '2024-10-05');
INSERT INTO adocao (id_animal, id_adotante, data_adocao) VALUES (40, 10, '2024-06-14');
INSERT INTO adocao (id_animal, id_adotante, data_adocao) VALUES (98, 34, '2025-04-25');
INSERT INTO adocao (id_animal, id_adotante, data_adocao) VALUES (82, 50, '2025-01-23');
INSERT INTO adocao (id_animal, id_adotante, data_adocao) VALUES (52, 38, '2025-02-21');
INSERT INTO adocao (id_animal, id_adotante, data_adocao) VALUES (66, 32, '2024-12-06');
INSERT INTO adocao (id_animal, id_adotante, data_adocao) VALUES (50, 2, '2025-02-14');
INSERT INTO adocao (id_animal, id_adotante, data_adocao) VALUES (57, 18, '2024-10-31');
INSERT INTO adocao (id_animal, id_adotante, data_adocao) VALUES (20, 30, '2024-08-11');
INSERT INTO adocao (id_animal, id_adotante, data_adocao) VALUES (9, 45, '2025-04-03');
INSERT INTO adocao (id_animal, id_adotante, data_adocao) VALUES (70, 25, '2024-09-29');
INSERT INTO adocao (id_animal, id_adotante, data_adocao) VALUES (30, 44, '2025-03-14');
INSERT INTO adocao (id_animal, id_adotante, data_adocao) VALUES (86, 4, '2024-06-22');
INSERT INTO adocao (id_animal, id_adotante, data_adocao) VALUES (94, 17, '2025-01-28');
INSERT INTO adocao (id_animal, id_adotante, data_adocao) VALUES (31, 50, '2025-04-15');
INSERT INTO adocao (id_animal, id_adotante, data_adocao) VALUES (41, 38, '2024-08-18');
INSERT INTO adocao (id_animal, id_adotante, data_adocao) VALUES (83, 34, '2024-05-20');
INSERT INTO adocao (id_animal, id_adotante, data_adocao) VALUES (56, 38, '2024-09-28');
INSERT INTO adocao (id_animal, id_adotante, data_adocao) VALUES (4, 11, '2025-01-23');
INSERT INTO adocao (id_animal, id_adotante, data_adocao) VALUES (7, 47, '2024-12-04');
INSERT INTO adocao (id_animal, id_adotante, data_adocao) VALUES (93, 19, '2025-02-27');
INSERT INTO adocao (id_animal, id_adotante, data_adocao) VALUES (36, 21, '2024-07-13');
INSERT INTO adocao (id_animal, id_adotante, data_adocao) VALUES (11, 19, '2024-07-14');
INSERT INTO adocao (id_animal, id_adotante, data_adocao) VALUES (23, 3, '2025-03-12');
INSERT INTO adocao (id_animal, id_adotante, data_adocao) VALUES (68, 48, '2025-05-01');
INSERT INTO adocao (id_animal, id_adotante, data_adocao) VALUES (39, 3, '2024-07-12');
INSERT INTO adocao (id_animal, id_adotante, data_adocao) VALUES (84, 31, '2024-12-07');
INSERT INTO adocao (id_animal, id_adotante, data_adocao) VALUES (95, 6, '2025-04-23');
INSERT INTO adocao (id_animal, id_adotante, data_adocao) VALUES (18, 47, '2024-06-04');
